<application>
  <component name="DesignSurface">
    <option name="filePathToZoomLevelMap">
      <map>
        <entry key="../../../../../../layout/custom_preview.xml" value="0.1" />
        <entry key="app/src/main/res/layout/activity_main.xml" value="0.359375" />
        <entry key="app/src/main/res/layout/fragment_main.xml" value="0.359375" />
        <entry key="app/src/main/res/layout/item_comment.xml" value="0.359375" />
        <entry key="app/src/main/res/layout/item_moment_head.xml" value="0.359375" />
        <entry key="app/src/main/res/layout/layout_base_tweet.xml" value="0.1" />
        <entry key="app/src/main/res/layout/recycler_view_item.xml" value="0.359375" />
        <entry key="app/src/main/res/layout/user_layout.xml" value="0.359375" />
      </map>
    </option>
  </component>
</application>